City_ID,City,Country,Date,Lat,Lng,Max Temp,Humidity,Cloudiness
0,Saint George,US,2022-03-30 18:38:49,37.1041,-113.5841,67.62,44,0
1,Okhotsk,RU,2022-03-30 18:38:49,59.3833,143.3,-1.34,91,36
2,Lensk,RU,2022-03-30 18:38:50,60.7253,114.9278,19.15,96,100
3,Guerrero Negro,MX,2022-03-30 18:38:50,27.9769,-114.0611,65.35,59,2
4,Albany,US,2022-03-30 18:36:03,42.6001,-73.9662,43.03,26,100
5,Thompson,CA,2022-03-30 18:36:32,55.7435,-97.8558,28.56,46,20
6,Mataura,NZ,2022-03-30 18:38:38,-46.1927,168.8643,51.03,99,97
7,Vardo,NO,2022-03-30 18:38:51,70.3705,31.1107,30.18,74,40
8,Puerto Ayora,EC,2022-03-30 18:34:21,-0.7393,-90.3518,87.76,88,100
9,Puerto Escondido,MX,2022-03-30 18:37:57,15.85,-97.0667,85.03,70,0
10,Richards Bay,ZA,2022-03-30 18:38:52,-28.783,32.0377,75.43,78,8
11,Tucuma,BR,2022-03-30 18:34:58,-0.1833,-50.05,73.83,96,100
12,Butaritari,KI,2022-03-30 18:38:53,3.0707,172.7902,80.96,62,10
13,Coquimbo,CL,2022-03-30 18:38:53,-29.9533,-71.3436,66.76,64,0
14,Nishihara,JP,2022-03-30 18:38:54,26.1842,127.7558,72.68,94,75
15,Upernavik,GL,2022-03-30 18:38:29,72.7868,-56.1549,18.32,85,9
16,Yamada,JP,2022-03-30 18:38:54,39.4667,141.95,42.89,94,100
17,Mar Del Plata,AR,2022-03-30 18:38:55,-38.0023,-57.5575,59.02,63,40
18,Mahebourg,MU,2022-03-30 18:38:55,-20.4081,57.7,77.29,88,75
19,Camapua,BR,2022-03-30 18:35:40,-19.5314,-54.0439,84.38,59,85
20,Cherskiy,RU,2022-03-30 18:38:56,68.75,161.3,-18.04,100,99
21,Hermanus,ZA,2022-03-30 18:38:57,-34.4187,19.2345,64.8,79,100
22,Busselton,AU,2022-03-30 18:38:57,-33.65,115.3333,66.56,80,28
23,Bengkulu,ID,2022-03-30 18:38:58,-3.8004,102.2655,75.94,87,72
24,Barrow,US,2022-03-30 18:38:58,71.2906,-156.7887,-11.18,77,0
25,Calabozo,VE,2022-03-30 18:38:59,8.9242,-67.4293,98.42,25,62
26,Atuona,PF,2022-03-30 18:39:00,-9.8,-139.0333,78.35,81,49
27,Ribeira Grande,PT,2022-03-30 18:39:00,38.5167,-28.7,64.8,82,75
28,Rikitea,PF,2022-03-30 18:39:01,-23.1203,-134.9692,78.84,72,100
29,Soverato,IT,2022-03-30 18:39:01,38.685,16.5499,58.95,90,100
30,Batemans Bay,AU,2022-03-30 18:39:02,-35.7167,150.1833,61.11,84,80
31,Asau,RO,2022-03-30 18:39:03,46.4333,26.4,61.72,54,100
32,Baykit,RU,2022-03-30 18:39:03,61.67,96.37,29.59,97,100
33,Iskateley,RU,2022-03-30 18:39:04,67.6803,53.1512,-6.47,100,96
34,Ocos,GT,2022-03-30 18:39:04,14.5094,-92.1933,91.58,61,65
35,Tabas,IR,2022-03-30 18:39:05,33.5959,56.9244,64.24,16,0
36,Ushuaia,AR,2022-03-30 18:34:11,-54.8,-68.3,53.22,53,75
37,Esperance,AU,2022-03-30 18:39:07,-33.8667,121.9,62.44,74,100
38,Tuktoyaktuk,CA,2022-03-30 18:38:31,69.4541,-133.0374,-18.4,76,40
39,Palu,ID,2022-03-30 18:39:07,-0.8917,119.8707,76.24,93,100
40,Tasiilaq,GL,2022-03-30 18:39:08,65.6145,-37.6368,33.96,97,100
41,Geraldton,AU,2022-03-30 18:39:09,-28.7667,114.6,75.61,83,100
42,Krutinka,RU,2022-03-30 18:39:09,56.0055,71.5113,34.79,96,100
43,Avarua,CK,2022-03-30 18:34:14,-21.2078,-159.775,82.45,83,40
44,Aklavik,CA,2022-03-30 18:39:10,68.2191,-135.0107,-11.2,70,75
45,Kabare,CD,2022-03-30 18:39:11,-2.4683,28.8242,62.33,88,91
46,Faanui,PF,2022-03-30 18:40:11,-16.4833,-151.75,82.13,66,10
47,Odweyne,SO,2022-03-30 18:40:12,9.4092,45.064,72.07,31,3
48,Cape Town,ZA,2022-03-30 18:39:01,-33.9258,18.4232,64.11,84,20
49,Castro,BR,2022-03-30 18:38:10,-24.7911,-50.0119,75.47,69,98
50,Wanning,CN,2022-03-30 18:40:13,18.8003,110.3967,74.5,94,61
51,Mercedes,AR,2022-03-30 18:38:19,-34.6515,-59.4307,62.78,31,6
52,Port Alfred,ZA,2022-03-30 18:40:14,-33.5906,26.891,71.31,73,100
53,Krasnogvardeyskiy,RU,2022-03-30 18:40:14,57.3793,62.3195,31.93,76,78
54,Santa Rosalia,MX,2022-03-30 18:40:15,27.3167,-112.2833,67.46,42,0
55,Port Blair,IN,2022-03-30 18:40:16,11.6667,92.75,78.84,94,20
56,Berlevag,NO,2022-03-30 18:40:16,70.8578,29.0864,26.55,86,100
57,Kapaa,US,2022-03-30 18:40:17,22.0752,-159.319,77.18,93,75
58,Punta Arenas,CL,2022-03-30 18:39:57,-53.15,-70.9167,50.11,62,100
59,Virginia Beach,US,2022-03-30 18:39:27,36.8529,-75.978,64.45,36,75
60,Skjervoy,NO,2022-03-30 18:40:18,70.0311,20.9714,28.4,65,100
61,Nizhniy Kuranakh,RU,2022-03-30 18:40:19,58.8353,125.4869,15.78,96,100
62,Lorengau,PG,2022-03-30 18:39:45,-2.0226,147.2712,81.88,79,91
63,Mandera,KE,2022-03-30 18:40:20,3.9366,41.867,92.05,27,8
64,Yei,SS,2022-03-30 18:40:20,4.095,30.6779,72.5,74,92
65,Isiro,CD,2022-03-30 18:40:21,2.7739,27.616,67.96,96,99
66,Varkaus,FI,2022-03-30 18:40:22,62.3153,27.873,17.82,93,100
67,Oudtshoorn,ZA,2022-03-30 18:40:22,-33.5907,22.2014,61.16,69,96
68,Provideniya,RU,2022-03-30 18:40:23,64.3833,-173.3,7.68,88,97
69,Meulaboh,ID,2022-03-30 18:40:23,4.1363,96.1285,76.44,86,60
70,Hobart,AU,2022-03-30 18:40:24,-42.8794,147.3294,50.25,78,84
71,Mount Gambier,AU,2022-03-30 18:40:25,-37.8333,140.7667,57.11,54,100
72,Jutai,BR,2022-03-30 18:40:25,-5.1833,-68.9,83.14,79,94
73,Champerico,GT,2022-03-30 18:40:26,14.3,-91.9167,91.94,57,75
74,Komsomolskiy,UZ,2022-03-30 18:40:26,40.4272,71.7189,47.12,66,0
75,Siuna,NI,2022-03-30 18:40:27,13.7332,-84.7773,91.06,39,66
76,Bredasdorp,ZA,2022-03-30 18:40:27,-34.5322,20.0403,63.59,72,100
77,Sitka,US,2022-03-30 18:40:28,57.0531,-135.33,42.69,81,100
78,Vaini,TO,2022-03-30 18:40:29,-21.2,-175.2,77.16,94,75
79,Khatanga,RU,2022-03-30 18:40:29,71.9667,102.5,16.74,96,100
80,Lebu,CL,2022-03-30 18:40:30,-37.6167,-73.65,55.42,63,56
81,Lavrentiya,RU,2022-03-30 18:40:31,65.5833,-171.0,5.88,94,100
82,Benjamin Aceval,PY,2022-03-30 18:40:31,-24.9667,-57.5667,66.34,85,100
83,Dikson,RU,2022-03-30 18:40:32,73.5069,80.5464,14.61,96,100
84,Ponta Delgada,PT,2022-03-30 18:40:32,37.7333,-25.6667,65.12,68,20
85,Kushiro,JP,2022-03-30 18:40:33,42.975,144.3747,34.36,76,100
86,Gigmoto,PH,2022-03-30 18:40:34,13.7796,124.39,78.69,87,100
87,Bethel,US,2022-03-30 18:40:34,41.3712,-73.414,45.01,34,0
88,Port Elizabeth,ZA,2022-03-30 18:41:35,-33.918,25.5701,63.32,72,0
89,Victoria,HK,2022-03-30 18:40:32,22.2855,114.1577,76.17,76,2
90,La Ronge,CA,2022-03-30 18:41:36,55.1001,-105.2842,43.05,26,75
91,Chapais,CA,2022-03-30 18:41:36,49.7834,-74.8492,26.38,78,100
92,Los Llanos De Aridane,ES,2022-03-30 18:41:37,28.6585,-17.9182,62.35,84,20
93,Cidreira,BR,2022-03-30 18:41:38,-30.1811,-50.2056,62.92,88,100
94,Yellowknife,CA,2022-03-30 18:40:50,62.456,-114.3525,17.42,65,75
95,Vao,NC,2022-03-30 18:41:38,-22.6667,167.4833,78.64,85,14
96,Quatre Cocos,MU,2022-03-30 18:41:39,-20.2078,57.7625,77.11,81,100
97,Tahta,EG,2022-03-30 18:41:39,26.7693,31.5021,72.59,12,6
98,Marquette,US,2022-03-30 18:41:40,46.5333,-87.6335,33.82,93,100
99,Talnakh,RU,2022-03-30 18:41:40,69.4865,88.3972,24.21,88,100
100,Hithadhoo,MV,2022-03-30 18:41:41,-0.6,73.0833,82.35,70,5
101,Oliva,ES,2022-03-30 18:41:41,38.9197,-0.1194,56.73,94,100
102,Piranhas,BR,2022-03-30 18:41:42,-16.4269,-51.8222,84.85,64,100
103,Chuy,UY,2022-03-30 18:41:43,-33.6971,-53.4616,67.23,29,59
104,Saint-Philippe,RE,2022-03-30 18:41:43,-21.3585,55.7679,78.39,83,98
105,La Sarre,CA,2022-03-30 18:41:44,48.8002,-79.1996,31.44,78,100
106,Raudeberg,NO,2022-03-30 18:41:45,61.9875,5.1352,36.27,87,73
107,Cockburn Town,TC,2022-03-30 18:41:33,21.4612,-71.1419,80.56,54,40
108,Arraial Do Cabo,BR,2022-03-30 18:41:05,-22.9661,-42.0278,91.36,78,0
109,Ponta Do Sol,PT,2022-03-30 18:41:45,32.6667,-17.1,66.0,72,11
110,Nalut,LY,2022-03-30 18:41:46,30.3333,10.85,86.58,11,100
111,Kamenka,RU,2022-03-30 18:40:50,51.3223,42.7678,35.31,99,100
112,Hilo,US,2022-03-30 18:38:37,19.7297,-155.09,74.62,89,100
113,Necochea,AR,2022-03-30 18:41:47,-38.5473,-58.7368,56.05,59,35
114,Am Timan,TD,2022-03-30 18:41:48,11.0297,20.2827,88.68,7,10
115,Kruisfontein,ZA,2022-03-30 18:41:49,-34.0033,24.7314,60.89,83,100
116,Zavyalovo,RU,2022-03-30 18:41:49,54.5053,82.4484,31.84,87,65
117,Elban,RU,2022-03-30 18:41:50,50.1018,136.5094,10.09,93,96
118,Narsaq,GL,2022-03-30 18:41:50,60.9167,-46.05,52.02,71,43
119,Carnarvon,AU,2022-03-30 18:41:51,-24.8667,113.6333,75.27,88,75
120,Puerto Carreno,CO,2022-03-30 18:41:51,6.189,-67.4859,94.98,38,40
121,Kiunga,PG,2022-03-30 18:41:52,-6.1219,141.2906,72.7,99,100
122,Belyy Yar,RU,2022-03-30 18:41:52,53.6039,91.3903,32.86,65,0
123,Jamestown,US,2022-03-30 18:41:26,42.097,-79.2353,49.51,54,100
124,Tshikapa,CD,2022-03-30 18:41:53,-6.4167,20.8,73.15,89,94
125,Pevek,RU,2022-03-30 18:41:53,69.7008,170.3133,-19.19,98,100
126,Rjukan,NO,2022-03-30 18:41:54,59.8789,8.5941,14.63,70,14
127,Katsuura,JP,2022-03-30 18:41:54,35.1333,140.3,59.07,90,74
128,Formosa Do Rio Preto,BR,2022-03-30 18:41:55,-11.0483,-45.1931,91.99,30,98
129,Micheweni,TZ,2022-03-30 18:41:56,-4.9667,39.8333,81.43,74,100
130,Rosarito,MX,2022-03-30 18:41:56,32.3333,-117.0333,68.23,63,1
131,Saskylakh,RU,2022-03-30 18:40:54,71.9167,114.0833,-10.64,97,100
132,Pandan,PH,2022-03-30 18:42:58,14.0453,124.1694,78.26,88,87
133,Severodvinsk,RU,2022-03-30 18:42:58,64.5635,39.8302,19.51,95,83
134,Luderitz,NA,2022-03-30 18:40:56,-26.6481,15.1594,65.64,64,32
135,Manzanillo,CU,2022-03-30 18:42:59,20.3433,-77.1167,92.14,35,16
136,Mishan,CN,2022-03-30 18:43:00,45.55,131.8833,29.55,49,28
137,Lahij,YE,2022-03-30 18:43:00,13.1667,44.5833,75.11,46,5
138,Qaanaaq,GL,2022-03-30 18:43:01,77.484,-69.3632,16.97,83,83
139,Acapulco,MX,2022-03-30 18:38:23,16.8634,-99.8901,82.22,61,0
140,Bilibino,RU,2022-03-30 18:43:02,68.0546,166.4372,-8.28,82,97
141,Peniche,PT,2022-03-30 18:43:02,39.3558,-9.3811,58.08,93,42
142,Lusambo,CD,2022-03-30 18:43:03,-4.9667,23.45,69.93,91,100
143,Sinnamary,GF,2022-03-30 18:43:03,5.3833,-52.95,80.35,71,92
144,Aswan,EG,2022-03-30 18:43:04,24.0934,32.907,85.3,12,0
145,Kulhudhuffushi,MV,2022-03-30 18:43:04,6.6221,73.07,83.37,69,5
146,Kryve Ozero,UA,2022-03-30 18:43:05,47.9524,30.3493,50.52,84,100
147,Mitsamiouli,KM,2022-03-30 18:43:05,-11.3847,43.2844,81.95,74,20
148,Bluff,NZ,2022-03-30 18:43:06,-46.6,168.3333,56.57,91,100
149,Medea,DZ,2022-03-30 18:43:07,36.2642,2.7539,47.98,92,82
150,Uinskoye,RU,2022-03-30 18:43:07,56.8817,56.5813,22.33,91,100
151,Harper,LR,2022-03-30 18:43:08,4.375,-7.7169,81.14,80,27
152,Padang,ID,2022-03-30 18:43:08,-0.9492,100.3543,75.25,86,85
153,Georgetown,MY,2022-03-30 18:42:15,5.4112,100.3354,82.33,88,20
154,Souillac,MU,2022-03-30 18:43:09,-20.5167,57.5167,77.38,88,75
155,San Patricio,US,2022-03-30 18:43:10,28.017,-97.5169,89.92,14,0
156,Ihosy,MG,2022-03-30 18:43:11,-22.4,46.1167,66.06,91,86
157,Salalah,OM,2022-03-30 18:42:01,17.0151,54.0924,80.69,57,0
158,Qaqortoq,GL,2022-03-30 18:43:11,60.7167,-46.0333,38.7,67,59
159,North Myrtle Beach,US,2022-03-30 18:43:13,33.816,-78.68,76.37,79,100
160,Fairbanks,US,2022-03-30 18:40:02,64.8378,-147.7164,25.09,62,75
161,Nome,US,2022-03-30 18:41:03,64.5011,-165.4064,30.27,69,40
162,Anadyr,RU,2022-03-30 18:43:13,64.75,177.4833,-16.01,82,0
163,Itoman,JP,2022-03-30 18:43:14,26.1247,127.6694,73.42,94,75
164,Biysk,RU,2022-03-30 18:43:15,52.5364,85.2072,27.28,81,100
165,Shenjiamen,CN,2022-03-30 18:43:15,29.9576,122.298,55.17,98,100
166,Sovetskiy,RU,2022-03-30 18:43:16,61.3614,63.5842,20.68,98,100
167,Westport,US,2022-03-30 18:42:44,41.1415,-73.3579,46.44,37,99
168,Niquero,CU,2022-03-30 18:43:16,20.0431,-77.5828,85.96,50,3
169,Tautira,PF,2022-03-30 18:43:17,-17.7333,-149.15,81.1,73,65
170,Vila Velha,BR,2022-03-30 18:43:17,-20.3297,-40.2925,87.75,77,0
171,Killarney,IE,2022-03-30 18:43:18,52.05,-9.5167,46.49,88,100
172,Swan River,CA,2022-03-30 18:42:19,52.1058,-101.2676,30.09,55,58
173,East London,ZA,2022-03-30 18:43:19,-33.0153,27.9116,68.94,94,40
174,Petropavlovsk-Kamchatskiy,RU,2022-03-30 18:43:20,53.0452,158.6483,27.19,86,100
175,Ilebo,CD,2022-03-30 18:44:20,-4.3167,20.5833,70.47,92,52
176,Abu Zabad,SD,2022-03-30 18:44:21,12.35,29.25,80.94,13,10
177,Nanortalik,GL,2022-03-30 18:44:21,60.1432,-45.2371,37.29,82,100
178,Mokhsogollokh,RU,2022-03-30 18:44:22,61.4681,128.9203,7.34,96,100
179,Farafangana,MG,2022-03-30 18:44:22,-22.8167,47.8333,74.41,84,39
180,Port-Gentil,GA,2022-03-30 18:44:23,-0.7193,8.7815,82.36,78,20
181,Tutoia,BR,2022-03-30 18:44:23,-2.7619,-42.2744,79.3,89,100
182,Road Town,VG,2022-03-30 18:44:25,18.4167,-64.6167,84.24,65,20
183,Kaitangata,NZ,2022-03-30 18:44:25,-46.2817,169.8464,52.52,94,100
184,Buraydah,SA,2022-03-30 18:44:26,26.326,43.975,75.65,11,1
185,Asfi,MA,2022-03-30 18:43:07,32.2994,-9.2372,60.4,72,2
186,Tahe,CN,2022-03-30 18:44:26,52.3333,124.7333,10.8,89,14
187,New Norfolk,AU,2022-03-30 18:42:19,-42.7826,147.0587,49.91,68,56
188,Kunigal,IN,2022-03-30 18:44:27,13.0222,77.0267,81.61,41,87
189,Seoul,KR,2022-03-30 18:41:41,37.5683,126.9778,51.4,85,100
190,Bambous Virieux,MU,2022-03-30 18:44:28,-20.3428,57.7575,77.25,88,75
191,Buala,SB,2022-03-30 18:44:28,-8.145,159.5921,79.77,81,94
192,Naryan-Mar,RU,2022-03-30 18:44:29,67.6713,53.087,-6.05,100,96
193,Vredendal,ZA,2022-03-30 18:44:29,-31.6683,18.5012,63.77,64,100
194,Saldanha,ZA,2022-03-30 18:44:30,-33.0117,17.9442,64.45,84,100
195,Kavaratti,IN,2022-03-30 18:44:30,10.5669,72.642,83.16,75,4
196,Darhan,MN,2022-03-30 18:44:31,49.4867,105.9228,25.65,42,2
197,Pangai,TO,2022-03-30 18:44:31,-19.8,-174.35,80.71,78,75
198,Esfarayen,IR,2022-03-30 18:44:32,37.0765,57.5101,46.06,38,0
199,Touros,BR,2022-03-30 18:42:56,-5.1989,-35.4608,84.04,70,37
200,Sharan,RU,2022-03-30 18:44:33,54.8167,54.0,20.41,95,100
201,San Cristobal,VE,2022-03-30 18:44:33,7.7669,-72.225,75.38,35,99
202,Kadirli,TR,2022-03-30 18:44:34,37.3739,36.0961,56.03,68,2
203,Prince Rupert,CA,2022-03-30 18:40:08,54.3161,-130.3201,42.89,87,75
204,Flinders,AU,2022-03-30 18:44:35,-34.5833,150.8552,64.18,80,16
205,Sungairaya,ID,2022-03-30 18:44:35,0.7,108.9,78.62,83,100
206,Mogadishu,SO,2022-03-30 18:39:41,2.0371,45.3438,81.18,82,75
207,Chalmette,US,2022-03-30 18:44:36,29.9427,-89.9634,80.58,63,100
208,Barentu,ER,2022-03-30 18:44:36,15.1139,37.5928,81.73,28,0
209,Nikolskoye,RU,2022-03-30 18:43:06,59.7035,30.7861,26.8,87,44
210,Svetlaya,RU,2022-03-30 18:44:37,46.5389,138.3297,25.59,76,2
211,Kununurra,AU,2022-03-30 18:44:37,-15.7667,128.7333,73.38,94,23
212,Betul,IN,2022-03-30 18:40:08,21.9153,77.8961,81.79,13,0
213,Antofagasta,CL,2022-03-30 18:44:38,-23.65,-70.4,72.21,49,3
214,Labuhan,ID,2022-03-30 18:44:39,-6.8844,112.2051,79.34,83,40
215,Krasnoselkup,RU,2022-03-30 18:44:40,65.7,82.4667,29.25,92,100
216,Yar-Sale,RU,2022-03-30 18:44:40,66.8333,70.8333,27.59,97,100
217,Oum Hadjer,TD,2022-03-30 18:44:41,13.2954,19.6966,89.08,6,67
218,Kavieng,PG,2022-03-30 18:44:41,-2.5744,150.7967,83.28,77,100
219,Hovd,MN,2022-03-30 18:44:42,48.0056,91.6419,26.47,34,0
220,Cabo San Lucas,MX,2022-03-30 18:40:32,22.8909,-109.9124,79.9,58,0
221,Daru,PG,2022-03-30 18:44:43,-9.0763,143.2092,77.18,89,100
222,Suntar,RU,2022-03-30 18:45:43,62.1444,117.6319,7.99,99,96
223,Port Hardy,CA,2022-03-30 18:45:14,50.6996,-127.4199,44.78,81,100
224,Siparia,TT,2022-03-30 18:45:44,10.1333,-61.5,86.79,71,99
225,Greytown,ZA,2022-03-30 18:45:45,-29.0642,30.5928,63.21,78,1
226,Ancud,CL,2022-03-30 18:42:08,-41.8697,-73.8203,53.22,59,42
227,Lichinga,MZ,2022-03-30 18:45:45,-13.3128,35.2406,66.29,94,20
228,Alofi,NU,2022-03-30 18:45:46,-19.0595,-169.9187,73.29,100,100
229,Puerto Colombia,CO,2022-03-30 18:45:46,10.9878,-74.9547,87.89,76,100
230,Udaipur,IN,2022-03-30 18:42:00,24.5712,73.6918,81.05,14,0
231,Baruun-Urt,MN,2022-03-30 18:45:47,46.6806,113.2792,19.58,54,1
232,Birao,CF,2022-03-30 18:45:48,10.2849,22.7882,81.25,9,71
233,Dunedin,NZ,2022-03-30 18:45:48,-45.8742,170.5036,60.8,90,100
234,Pangnirtung,CA,2022-03-30 18:45:49,66.1451,-65.7125,23.0,80,100
235,Hamilton,US,2022-03-30 18:41:50,39.1834,-84.5333,81.45,23,20
236,Sao Joao Da Barra,BR,2022-03-30 18:40:53,-21.6403,-41.0511,93.29,76,6
237,Straumen,NO,2022-03-30 18:45:50,63.8709,11.2999,33.8,73,100
238,Bridlington,GB,2022-03-30 18:45:50,54.0831,-0.1919,37.89,59,70
239,Opochka,RU,2022-03-30 18:45:51,56.7105,28.6617,19.31,84,4
240,Tubuala,PA,2022-03-30 18:45:51,9.5167,-79.0333,80.67,82,63
241,Olafsvik,IS,2022-03-30 18:45:52,64.8945,-23.7142,37.4,76,86
242,Comodoro Rivadavia,AR,2022-03-30 18:42:11,-45.8667,-67.5,58.86,33,0
243,Namatanai,PG,2022-03-30 18:45:53,-3.6667,152.4333,79.7,83,35
244,Hue,VN,2022-03-30 18:45:53,16.4667,107.6,73.51,94,75
245,Volksrust,ZA,2022-03-30 18:45:54,-27.3654,29.8818,57.45,48,1
246,Taebla,EE,2022-03-30 18:45:54,58.9547,23.7419,29.88,66,82
247,Divnomorskoye,RU,2022-03-30 18:45:55,44.5011,38.1353,45.77,91,9
248,Walvis Bay,NA,2022-03-30 18:45:55,-22.9575,14.5053,65.35,77,0
249,Diego De Almagro,CL,2022-03-30 18:45:56,-26.3667,-70.05,80.38,18,0
250,Kahului,US,2022-03-30 18:45:56,20.8947,-156.47,77.97,73,40
251,Pisco,PE,2022-03-30 18:45:57,-13.7,-76.2167,71.65,68,0
252,Guatire,VE,2022-03-30 18:45:57,10.4762,-66.5427,88.7,51,92
253,Namwala,ZM,2022-03-30 18:45:58,-15.7504,26.4384,69.17,83,99
254,Caravelas,BR,2022-03-30 18:45:58,-17.7125,-39.2481,83.16,61,5
255,Ketchikan,US,2022-03-30 18:45:59,55.3422,-131.6461,43.27,81,100
256,Chipata,ZM,2022-03-30 18:46:00,-13.6333,32.65,62.62,97,10
257,Tiksi,RU,2022-03-30 18:46:00,71.6872,128.8694,-11.18,100,98
258,Pacific Grove,US,2022-03-30 18:41:32,36.6177,-121.9166,59.02,83,100
259,Ust-Tsilma,RU,2022-03-30 18:46:01,65.441,52.1498,3.09,98,94
260,Guadalupe,MX,2022-03-30 18:43:03,25.6833,-100.25,89.35,37,1
261,Villazon,BO,2022-03-30 18:46:02,-22.0866,-65.5942,66.54,28,1
262,Kattivakkam,IN,2022-03-30 18:46:02,13.2167,80.3167,84.29,90,1
263,Klaksvik,FO,2022-03-30 18:46:03,62.2266,-6.589,34.72,54,100
264,Hambantota,LK,2022-03-30 18:46:04,6.1241,81.1185,77.34,100,40
265,Kaniama,CD,2022-03-30 18:46:04,-7.5667,24.1833,67.03,96,55
266,Norman Wells,CA,2022-03-30 18:46:05,65.282,-126.8329,6.84,72,100
267,Palmer,US,2022-03-30 18:46:05,42.1584,-72.3287,46.62,26,75
268,Amot,NO,2022-03-30 18:46:06,59.5714,7.9877,13.96,78,16
269,Mount Isa,AU,2022-03-30 18:43:40,-20.7333,139.5,73.17,28,19
270,Chokurdakh,RU,2022-03-30 18:47:07,70.6333,147.9167,-22.59,100,100
271,Santiago Del Estero,AR,2022-03-30 18:42:41,-27.7951,-64.2615,61.27,21,97
272,Buin,CL,2022-03-30 18:47:07,-33.7333,-70.75,79.05,6,0
273,Torbay,CA,2022-03-30 18:47:08,47.6666,-52.7314,35.58,82,75
274,Ouadda,CF,2022-03-30 18:47:09,8.0777,22.4007,77.61,18,5
275,Tamworth,GB,2022-03-30 18:47:09,52.634,-1.6959,39.92,88,100
276,Vigrestad,NO,2022-03-30 18:47:10,58.5667,5.7,38.88,57,8
277,Ayan,RU,2022-03-30 18:47:10,56.45,138.1667,11.59,77,7
278,Nemuro,JP,2022-03-30 18:47:11,43.3236,145.575,33.76,80,100
279,Chumikan,RU,2022-03-30 18:47:11,54.7183,135.315,4.51,87,9
280,Tura,IN,2022-03-30 18:47:12,25.5198,90.2201,73.0,69,100
281,Vilhena,BR,2022-03-30 18:47:12,-12.7406,-60.1458,80.82,69,40
282,Gannan,CN,2022-03-30 18:47:13,47.9147,123.5031,27.95,44,3
283,Kurilsk,RU,2022-03-30 18:47:13,45.2333,147.8833,30.0,85,100
284,Huadian,CN,2022-03-30 18:47:14,42.9633,126.7478,31.48,54,83
285,Nelson Bay,AU,2022-03-30 18:44:41,-32.7167,152.15,69.85,94,67
286,San Andres,CO,2022-03-30 18:43:29,12.5847,-81.7006,87.82,62,40
287,Zapolyarnyy,RU,2022-03-30 18:47:15,69.4154,30.8136,25.88,96,100
288,Saint-Francois,FR,2022-03-30 18:47:15,46.4154,3.9054,49.68,81,100
289,Sobolevo,RU,2022-03-30 18:47:16,54.4299,31.8996,31.03,80,100
290,Pontian Kecil,MY,2022-03-30 18:47:17,1.4801,103.3899,77.32,89,8
291,Pahrump,US,2022-03-30 18:47:17,36.2083,-115.9839,72.25,22,30
292,Fukue,JP,2022-03-30 18:47:18,32.6881,128.8419,61.81,96,100
293,Salta,AR,2022-03-30 18:47:19,-24.7859,-65.4117,43.57,84,100
294,Zeulenroda,DE,2022-03-30 18:47:19,50.65,11.9833,39.33,85,100
295,Tuatapere,NZ,2022-03-30 18:47:20,-46.1333,167.6833,53.94,92,97
296,Terney,RU,2022-03-30 18:47:21,45.0503,136.6092,31.15,61,4
297,Cerkezkoy,TR,2022-03-30 18:47:21,41.285,28.0003,51.98,76,75
298,Primorsko-Akhtarsk,RU,2022-03-30 18:47:21,46.0497,38.1747,50.59,65,69
299,Zenzeli,RU,2022-03-30 18:47:22,45.9241,47.0474,48.25,73,100
300,Manakara,MG,2022-03-30 18:47:23,-22.1333,48.0167,73.76,87,31
301,Perchtoldsdorf,AT,2022-03-30 18:47:23,48.119,16.2574,57.78,56,100
302,Beloha,MG,2022-03-30 18:47:07,-25.1667,45.05,71.62,79,0
303,Waingapu,ID,2022-03-30 18:47:24,-9.6567,120.2641,77.16,84,100
304,La Huacana,MX,2022-03-30 18:47:24,18.9667,-101.8167,92.95,15,33
305,Ramnagar,IN,2022-03-30 18:47:25,29.4,79.1167,72.91,14,0
306,Inirida,CO,2022-03-30 18:47:25,3.8653,-67.9239,85.66,65,100
307,Ilulissat,GL,2022-03-30 18:46:02,69.2167,-51.1,24.82,86,40
308,Phu Ly,VN,2022-03-30 18:47:26,20.5411,105.9139,72.54,95,100
309,Cairns,AU,2022-03-30 18:47:26,-16.9167,145.7667,70.07,77,100
310,Bombay,IN,2022-03-30 18:44:08,19.0144,72.8479,82.38,89,0
311,Constitucion,CL,2022-03-30 18:46:00,-35.3333,-72.4167,64.15,42,8
312,Scarborough,GB,2022-03-30 18:47:26,54.2797,-0.4044,37.17,80,100
313,Watertown,US,2022-03-30 18:44:45,42.3709,-71.1828,50.0,27,0
314,Bogashevo,RU,2022-03-30 18:47:28,56.3683,85.1447,31.98,74,75
315,Cartagena,CO,2022-03-30 18:47:28,10.3997,-75.5144,87.42,66,20
316,Fuerte,PH,2022-03-30 18:47:29,17.5381,120.3644,80.73,73,100
317,Calvinia,ZA,2022-03-30 18:48:29,-31.4707,19.776,63.68,30,100
318,Arcata,US,2022-03-30 18:48:30,40.8665,-124.0828,55.74,71,40
319,Wana,PK,2022-03-30 18:48:31,32.2989,69.5725,65.84,13,0
320,Mandalay,MM,2022-03-30 18:48:31,21.9747,96.0836,84.0,35,48
321,Mizdah,LY,2022-03-30 18:48:32,31.4451,12.9801,82.11,10,37
322,Mwinilunga,ZM,2022-03-30 18:48:33,-11.7358,24.4293,63.99,95,100
323,Moerai,PF,2022-03-30 18:48:33,-22.4333,-151.3333,80.22,69,12
324,Moussoro,TD,2022-03-30 18:48:34,13.6408,16.4901,84.7,5,67
325,Verkhoyansk,RU,2022-03-30 18:48:34,67.5447,133.385,-3.66,100,100
326,Umm Kaddadah,SD,2022-03-30 18:48:35,13.6017,26.6876,75.9,9,50
327,Mareeba,AU,2022-03-30 18:47:10,-17.0,145.4333,65.44,86,100
328,Bama,NG,2022-03-30 18:48:36,11.5221,13.6856,82.31,10,21
329,Iqaluit,CA,2022-03-30 18:48:37,63.7506,-68.5145,29.93,86,100
330,Ambilobe,MG,2022-03-30 18:48:37,-13.2,49.05,73.49,95,11
331,Hasaki,JP,2022-03-30 18:48:38,35.7333,140.8333,52.29,89,13
332,Kangaba,ML,2022-03-30 18:48:38,11.9333,-8.4167,96.42,14,21
333,Baraboo,US,2022-03-30 18:48:39,43.4711,-89.7443,53.74,96,100
334,Porto Novo,BJ,2022-03-30 18:48:39,6.4965,2.6036,85.82,75,74
335,Maniwaki,CA,2022-03-30 18:48:40,46.3834,-75.966,34.18,27,100
336,Te Anau,NZ,2022-03-30 18:48:41,-45.4167,167.7167,53.19,88,100
337,Airai,TL,2022-03-30 18:47:27,-8.9266,125.4092,58.35,92,45
338,Tevriz,RU,2022-03-30 18:48:41,57.509,72.4042,33.01,98,100
339,Lagoa,PT,2022-03-30 18:48:42,39.05,-27.9833,61.56,87,84
340,Jaru,BR,2022-03-30 18:48:42,-10.4389,-62.4664,73.76,96,100
341,Naze,JP,2022-03-30 18:48:43,28.3667,129.4833,65.32,94,98
342,Kodiak,US,2022-03-30 18:48:44,57.79,-152.4072,31.51,93,75
343,Sur,OM,2022-03-30 18:48:44,22.5667,59.5289,79.81,50,0
344,Faya,SA,2022-03-30 18:48:45,18.3851,42.4509,64.51,42,0
345,Bairiki,KI,2022-03-30 18:48:45,1.3292,172.9752,78.8,83,40
346,Madison,US,2022-03-30 18:46:35,34.7334,-86.5667,80.4,36,40
347,Pringsewu,ID,2022-03-30 18:48:46,-5.3582,104.9744,72.82,96,14
348,Middelburg,ZA,2022-03-30 18:48:46,-25.7751,29.4648,65.26,38,4
349,Praia,CV,2022-03-30 18:48:47,14.9215,-23.5087,73.94,64,40
350,Dosso,NE,2022-03-30 18:48:48,13.049,3.1937,87.12,6,86
351,Riberalta,BO,2022-03-30 18:47:13,-10.9833,-66.1,86.2,70,75
352,Vestmanna,FO,2022-03-30 18:48:48,62.1564,-7.1664,32.92,55,20
353,Praia Da Vitoria,PT,2022-03-30 18:48:49,38.7333,-27.0667,62.76,100,75
354,Thetford Mines,CA,2022-03-30 18:48:49,46.0913,-71.3013,33.28,81,100
355,Flin Flon,CA,2022-03-30 18:48:26,54.7682,-101.865,31.84,51,75
356,Ampanihy,MG,2022-03-30 18:48:50,-24.7,44.75,72.09,70,0
357,Medicine Hat,CA,2022-03-30 18:48:02,50.0501,-110.6683,59.43,25,40
358,Olinda,BR,2022-03-30 18:48:51,-8.0089,-34.8553,83.93,74,40
359,Yeniseysk,RU,2022-03-30 18:48:51,58.4497,92.1703,27.19,90,93
360,Marion,US,2022-03-30 18:48:52,39.7684,-86.1555,75.52,45,100
361,Balaguer,ES,2022-03-30 18:48:53,41.7912,0.8109,53.28,95,100
362,Gubbi,IN,2022-03-30 18:47:37,13.3106,76.9444,82.31,36,59
363,Evensk,RU,2022-03-30 18:49:53,61.95,159.2333,9.9,78,100
364,Ambanja,MG,2022-03-30 18:49:54,-13.6833,48.45,75.99,92,81
365,Jeremoabo,BR,2022-03-30 18:49:54,-10.075,-38.4808,92.7,31,13
366,Eyl,SO,2022-03-30 18:49:55,7.9803,49.8164,79.83,74,7
367,Juneau,US,2022-03-30 18:45:33,58.3019,-134.4197,40.21,95,100
368,Along,IN,2022-03-30 18:49:56,28.1667,94.7667,68.22,76,100
369,Fortuna,US,2022-03-30 18:49:56,40.5982,-124.1573,54.86,76,75
370,Hami,CN,2022-03-30 18:49:57,42.8,93.45,45.39,36,14
371,Longyearbyen,SJ,2022-03-30 18:49:57,78.2186,15.6401,8.44,66,0
372,Mehriz,IR,2022-03-30 18:49:58,31.5917,54.4318,61.3,11,68
373,Tuskegee,US,2022-03-30 18:49:58,32.424,-85.6916,83.25,45,96
374,Hobyo,SO,2022-03-30 18:49:59,5.3505,48.5268,81.88,73,5
375,Salinas,US,2022-03-30 18:45:15,36.6777,-121.6555,61.02,79,100
376,Smithers,CA,2022-03-30 18:50:00,54.7804,-127.1743,41.32,52,100
377,Mirnyy,RU,2022-03-30 18:50:00,62.5353,113.9611,15.24,56,100
378,Panguna,PG,2022-03-30 18:50:01,-6.3164,155.4848,68.97,96,99
379,Hervey Bay,AU,2022-03-30 18:50:02,-25.2986,152.8535,70.99,76,3
380,Palaikastron,GR,2022-03-30 18:50:03,35.2,26.25,57.7,80,87
381,Barcelos,PT,2022-03-30 18:50:04,41.5388,-8.6151,56.91,79,93
382,Mumford,GH,2022-03-30 18:50:05,5.2618,-0.759,81.93,84,59
383,Mehamn,NO,2022-03-30 18:50:05,71.0357,27.8492,26.51,83,100
384,Sao Filipe,CV,2022-03-30 18:50:06,14.8961,-24.4956,73.08,71,1
385,Chingirlau,KZ,2022-03-30 18:50:07,51.095,54.0814,38.53,91,100
386,Basco,PH,2022-03-30 18:50:08,20.4487,121.9702,79.99,80,100
387,Russell,US,2022-03-30 18:50:08,32.3502,-85.1999,83.12,42,75
388,Tateyama,JP,2022-03-30 18:50:09,34.9833,139.8667,60.1,91,91
389,Challans,FR,2022-03-30 18:50:09,46.8436,-1.8749,52.0,88,80
390,Pokrovsk,UA,2022-03-30 18:50:10,48.282,37.1758,52.59,68,100
391,Manuk Mangkaw,PH,2022-03-30 18:50:10,4.8,119.85,83.43,68,94
392,Sun City West,US,2022-03-30 18:50:11,33.662,-112.3413,74.53,37,3
393,Hwange,ZW,2022-03-30 18:50:12,-18.3693,26.5019,68.72,85,9
394,Vila Franca Do Campo,PT,2022-03-30 18:50:12,37.7167,-25.4333,64.81,68,51
395,Tabou,CI,2022-03-30 18:50:13,4.423,-7.3528,81.16,80,21
396,San-Pedro,CI,2022-03-30 18:50:13,4.7485,-6.6363,80.74,82,100
397,Codrington,AU,2022-03-30 18:50:14,-38.2667,141.9667,58.8,55,93
398,Nioro,GM,2022-03-30 18:50:14,13.35,-15.75,97.54,18,100
399,Ginda,IN,2022-03-30 18:50:15,30.6945,78.4932,56.48,25,0
400,Batagay,RU,2022-03-30 18:50:16,67.6333,134.6333,-9.22,100,100
401,Bara,NG,2022-03-30 18:48:22,10.3744,10.7288,84.09,8,87
402,Kudahuvadhoo,MV,2022-03-30 18:50:17,2.6708,72.8944,81.97,72,5
403,Varia,FR,2022-03-30 18:50:18,44.5725,-0.1104,54.48,86,100
404,Isangel,VU,2022-03-30 18:50:18,-19.55,169.2667,79.34,88,69
405,Ipixuna,BR,2022-03-30 18:50:19,-1.7625,-48.8043,72.86,99,100
406,Yenagoa,NG,2022-03-30 18:50:20,4.9247,6.2642,82.09,76,93
407,Vila,PT,2022-03-30 18:50:20,42.0304,-8.1588,47.7,65,77
408,Mahibadhoo,MV,2022-03-30 18:50:21,3.7833,72.9667,82.47,70,4
409,Batagay-Alyta,RU,2022-03-30 18:50:21,67.8006,130.4114,-16.08,94,70
410,Najran,SA,2022-03-30 18:51:22,17.4924,44.1277,68.65,19,0
411,Port Keats,AU,2022-03-30 18:51:23,-14.25,129.55,80.65,78,85
412,Cantagalo,BR,2022-03-30 18:51:23,-21.9811,-42.3681,82.98,67,19
413,Gorontalo,ID,2022-03-30 18:51:24,0.5412,123.0595,74.14,91,100
414,Patitirion,GR,2022-03-30 18:51:24,39.15,23.8667,60.37,82,100
415,Neryungri,RU,2022-03-30 18:51:25,56.6709,124.6491,11.8,95,100
416,Rosaryville,US,2022-03-30 18:51:25,38.7568,-76.8097,60.78,45,100
417,Haines Junction,CA,2022-03-30 18:51:26,60.7522,-137.5108,35.55,80,100
418,Banting,MY,2022-03-30 18:51:26,2.8167,101.5,80.74,95,19
419,Tres Arroyos,AR,2022-03-30 18:51:27,-38.3739,-60.2798,54.21,61,83
420,Simbahan,PH,2022-03-30 18:51:28,6.3032,120.5836,82.06,73,62
421,Aginskoye,RU,2022-03-30 18:51:29,51.1,114.53,18.46,52,0
422,Chermoz,RU,2022-03-30 18:51:29,58.787,56.1489,14.54,93,17
423,General Pico,AR,2022-03-30 18:48:17,-35.6566,-63.7568,64.29,19,0
424,Zyryanka,RU,2022-03-30 18:51:30,65.75,150.85,-16.96,100,99
425,Clarence Town,AU,2022-03-30 18:51:30,-32.5833,151.7833,69.71,95,86
426,Tam Ky,VN,2022-03-30 18:51:31,15.5667,108.4833,73.36,95,100
427,Banda Aceh,ID,2022-03-30 18:51:32,5.5577,95.3222,78.75,83,61
428,Portland,US,2022-03-30 18:51:32,45.5234,-122.6762,55.53,78,100
429,Veraval,IN,2022-03-30 18:51:26,20.9,70.3667,77.07,84,5
430,College,US,2022-03-30 18:47:58,64.8569,-147.8028,26.1,61,75
431,Lang Suan,TH,2022-03-30 18:51:33,9.9456,99.0785,77.54,89,0
432,Sabang,ID,2022-03-30 18:51:33,5.8933,95.3214,82.02,74,72
433,Omboue,GA,2022-03-30 18:51:34,-1.5746,9.2618,78.46,86,16
434,Bilma,NE,2022-03-30 18:51:35,18.6853,12.9164,78.44,4,6
435,Husavik,IS,2022-03-30 18:51:35,66.0449,-17.3389,30.22,72,100
436,Gushikawa,JP,2022-03-30 18:51:36,26.3544,127.8686,72.63,100,75
437,San Miguelito,PA,2022-03-30 18:51:36,9.0333,-79.5,91.67,62,40
438,Phangnga,TH,2022-03-30 18:51:37,8.4509,98.5298,78.84,93,4
439,Ulladulla,AU,2022-03-30 18:51:37,-35.35,150.4667,61.7,78,26
440,Rawlins,US,2022-03-30 18:48:36,41.7911,-107.2387,38.35,35,0
441,Sayat,TM,2022-03-30 18:51:38,38.7839,63.8803,51.67,17,0
442,Kindu,CD,2022-03-30 18:51:38,-2.95,25.95,68.92,93,41
443,Voh,NC,2022-03-30 18:51:39,-20.9667,164.7,76.17,92,10
444,Teya,RU,2022-03-30 18:51:40,60.3778,92.6267,26.64,91,100
445,Staryy Nadym,RU,2022-03-30 18:51:40,65.6118,72.6842,27.86,97,100
446,Havre-Saint-Pierre,CA,2022-03-30 18:51:41,50.2334,-63.5986,44.96,53,75
447,Kandrian,PG,2022-03-30 18:48:16,-6.2167,149.55,77.04,89,50
448,Oranjestad,AW,2022-03-30 18:50:05,12.524,-70.027,85.95,58,20
449,Lasa,IT,2022-03-30 18:51:00,46.6166,10.7002,44.37,98,100
450,Severo-Kurilsk,RU,2022-03-30 18:51:43,50.6789,156.125,27.7,84,65
451,Duzce,TR,2022-03-30 18:51:44,40.8389,31.1639,54.25,67,88
452,Mendi,PG,2022-03-30 18:51:44,-6.1761,143.6513,55.11,98,100
453,Channel-Port Aux Basques,CA,2022-03-30 18:51:45,47.5702,-59.1367,32.61,95,100
454,Puerto Ayacucho,VE,2022-03-30 18:51:45,5.6639,-67.6236,93.85,38,84
455,Galesong,ID,2022-03-30 18:51:46,-5.3166,119.3661,75.22,81,100
456,Garissa,KE,2022-03-30 18:51:47,-0.4536,39.6401,84.65,55,93
457,Kismayo,SO,2022-03-30 18:51:47,-0.3582,42.5454,81.55,78,100
458,Tome,CL,2022-03-30 18:52:48,-36.6167,-72.95,63.03,42,98
459,Isiolo,KE,2022-03-30 18:52:48,0.3546,37.5822,70.25,75,63
460,Rawson,AR,2022-03-30 18:52:49,-43.3002,-65.1023,59.14,39,7
461,Henties Bay,NA,2022-03-30 18:52:49,-22.116,14.2845,64.24,85,2
462,Turukhansk,RU,2022-03-30 18:52:50,65.8167,87.9833,32.99,93,100
463,Fort Wellington,GY,2022-03-30 18:52:51,6.4,-57.6,82.47,61,97
464,Jumla,NP,2022-03-30 18:52:51,29.2747,82.1838,47.73,54,0
465,Tiarei,PF,2022-03-30 18:52:52,-17.5333,-149.3333,84.22,68,11
466,Baoshan,CN,2022-03-30 18:52:52,46.5586,131.4244,27.46,64,0
467,Avera,US,2022-03-30 18:52:53,33.194,-82.5271,83.55,35,71
468,Mitu,CO,2022-03-30 18:49:12,1.1983,-70.1733,86.74,58,88
469,Defiance,US,2022-03-30 18:52:54,41.3334,-84.45,68.11,55,100
470,Pochutla,MX,2022-03-30 18:52:54,15.7432,-96.4661,87.82,36,97
471,Labrea,BR,2022-03-30 18:52:55,-7.2586,-64.7981,76.91,85,100
472,Anaconda,US,2022-03-30 18:52:55,46.1285,-112.9423,43.79,42,100
473,Loiza,PR,2022-03-30 18:52:19,18.4313,-65.8802,87.82,63,20
474,Omsukchan,RU,2022-03-30 18:50:01,62.5333,155.8,-0.67,98,100
475,Kawalu,ID,2022-03-30 18:52:56,-7.3817,108.2082,71.71,98,100
476,San Quintin,MX,2022-03-30 18:52:57,30.4833,-115.95,62.87,64,0
477,Taoudenni,ML,2022-03-30 18:48:28,22.6783,-3.9836,87.42,16,100
478,Rincon,US,2022-03-30 18:52:58,32.296,-81.2354,82.85,54,75
479,Santo Domingo,DO,2022-03-30 18:50:18,18.5001,-69.9886,82.04,74,75
480,Mongu,ZM,2022-03-30 18:52:58,-15.2484,23.1274,69.42,86,94
481,Nago,JP,2022-03-30 18:52:59,26.5881,127.9761,72.03,94,99
482,Edson,CA,2022-03-30 18:51:28,53.5835,-116.4356,51.94,40,0
483,Nantucket,US,2022-03-30 18:50:00,41.2835,-70.0995,46.54,36,0
484,Bay-Khaak,RU,2022-03-30 18:53:00,51.1667,94.5,23.56,96,100
485,Port Lincoln,AU,2022-03-30 18:53:00,-34.7333,135.8667,61.56,62,100
486,San Roque,ES,2022-03-30 18:53:01,36.2107,-5.3842,61.63,59,20
487,Elko,US,2022-03-30 18:50:50,41.0002,-115.5012,56.64,34,17
488,Presidente Medici,BR,2022-03-30 18:53:02,-11.1753,-61.9014,79.88,80,76
489,Samarai,PG,2022-03-30 18:49:35,-10.6167,150.6667,81.37,80,90
490,Pyaozerskiy,RU,2022-03-30 18:53:02,65.8333,31.1667,9.79,92,64
491,Damietta,EG,2022-03-30 18:53:03,31.4165,31.8133,60.69,72,4
492,Sukumo,JP,2022-03-30 18:53:04,32.9333,132.7333,60.64,95,81
493,Provost,CA,2022-03-30 18:51:32,52.3501,-110.2683,50.45,31,72
494,Gornoye Loo,RU,2022-03-30 18:53:05,43.7129,39.6049,51.58,79,17
495,Ginir,ET,2022-03-30 18:53:05,7.1333,40.7,60.73,33,69
496,Tilichiki,RU,2022-03-30 18:53:06,60.4667,166.1,6.04,88,100
497,Dawei,MM,2022-03-30 18:53:07,14.0833,98.2,76.77,91,36
498,Itarema,BR,2022-03-30 18:53:07,-2.9248,-39.9167,82.81,76,99
499,Axim,GH,2022-03-30 18:53:08,4.8699,-2.2405,81.37,83,16
500,Zambezi,ZM,2022-03-30 18:53:08,-13.5432,23.1047,66.92,95,100
501,Ostrovnoy,RU,2022-03-30 18:50:48,68.0531,39.5131,14.25,89,100
502,Belaya Gora,RU,2022-03-30 18:53:09,68.5333,146.4167,-26.41,100,98
503,Bartica,GY,2022-03-30 18:53:10,6.4,-58.6167,88.12,48,76
504,Lompoc,US,2022-03-30 18:49:07,34.6391,-120.4579,65.84,83,100
505,Oktyabrskiy,RU,2022-03-30 18:54:10,54.4815,53.471,23.47,95,100
506,Shizunai,JP,2022-03-30 18:54:11,42.3339,142.3669,35.13,74,100
507,Tual,ID,2022-03-30 18:54:12,-5.6667,132.75,79.9,82,100
508,Chadiza,ZM,2022-03-30 18:54:13,-14.0678,32.4392,62.56,97,6
509,Bandarbeyla,SO,2022-03-30 18:54:13,9.4942,50.8122,80.02,74,4
510,Chernyshevskiy,RU,2022-03-30 18:54:14,63.0128,112.4714,4.37,100,100
511,Rocha,UY,2022-03-30 18:54:14,-34.4833,-54.3333,61.09,43,25
512,Jerantut,MY,2022-03-30 18:54:15,3.936,102.3626,73.99,96,40
513,Karachi,PK,2022-03-30 18:54:16,24.9056,67.0822,84.02,26,0
514,Lamar,US,2022-03-30 18:54:16,33.6668,-95.5836,63.25,88,75
515,Elbistan,TR,2022-03-30 18:54:17,38.2059,37.1983,48.06,64,34
516,Vestmannaeyjar,IS,2022-03-30 18:49:36,63.4427,-20.2734,40.19,56,75
517,Lao Cai,VN,2022-03-30 18:54:17,22.4833,103.95,72.63,95,100
518,Shimoda,JP,2022-03-30 18:54:18,34.6667,138.95,56.1,93,100
519,Dudinka,RU,2022-03-30 18:54:18,69.4058,86.1778,24.62,87,100
520,Uniao,BR,2022-03-30 18:54:19,-4.5858,-42.8642,84.94,68,100
521,Sorland,NO,2022-03-30 18:54:20,67.667,12.6934,33.66,56,100
522,Morehead,US,2022-03-30 18:54:21,37.2711,-87.1764,76.78,33,0
523,Hailar,CN,2022-03-30 18:54:21,49.2,119.7,13.82,67,33
524,Riachao,BR,2022-03-30 18:54:22,-7.3619,-46.6172,81.82,72,100
525,Bela Vista,BR,2022-03-30 18:54:22,-22.1089,-56.5211,89.71,46,98
526,Kotelnikovo,RU,2022-03-30 18:54:23,47.6317,43.1461,53.92,62,100
527,Gazimurskiy Zavod,RU,2022-03-30 18:54:24,51.5461,118.3266,3.99,89,17
528,Sahbuz,AZ,2022-03-30 18:54:24,39.4072,45.5739,53.2,51,100
529,Djambala,CG,2022-03-30 18:54:25,-2.5447,14.7533,74.14,68,25
530,Riyadh,SA,2022-03-30 18:49:37,24.6877,46.7219,75.34,11,99
531,Alamogordo,US,2022-03-30 18:53:51,32.8995,-105.9603,58.96,49,75
532,Bandarban,BD,2022-03-30 18:54:26,22.1965,92.2262,71.69,92,42
533,Sistranda,NO,2022-03-30 18:53:48,63.7256,8.834,31.96,57,100
534,Abu Samrah,SY,2022-03-30 18:54:27,35.3029,37.1841,57.09,57,0
535,Sabla,NG,2022-03-30 18:54:27,12.7525,4.7077,87.46,6,22
536,Mayumba,GA,2022-03-30 18:54:28,-3.432,10.6554,77.94,89,63
537,Houma,US,2022-03-30 18:49:42,29.5958,-90.7195,80.01,78,92
538,Nouadhibou,MR,2022-03-30 18:54:29,20.931,-17.0347,69.78,68,0
539,Tessalit,ML,2022-03-30 18:54:29,20.1986,1.0114,87.28,3,12
540,Muros,ES,2022-03-30 18:54:30,42.7762,-9.0603,57.83,68,100
541,Dourados,BR,2022-03-30 18:54:31,-22.2211,-54.8056,90.84,38,0
542,Saint-Imier,CH,2022-03-30 18:54:32,47.1528,6.9969,46.22,89,100
543,Ahipara,NZ,2022-03-30 18:54:32,-35.1667,173.1667,61.88,87,44
544,Madang,PG,2022-03-30 18:54:33,-5.2246,145.7966,74.89,96,100
545,Mao,ES,2022-03-30 18:54:34,39.8885,4.2658,52.36,93,75
546,Orikhiv,UA,2022-03-30 18:54:34,47.5673,35.7858,53.31,65,78
547,Oistins,BB,2022-03-30 18:49:58,13.0667,-59.5333,82.49,65,75
548,Boyolangu,ID,2022-03-30 18:54:35,-8.1181,111.8935,75.7,89,90
549,Ust-Nera,RU,2022-03-30 18:54:35,64.5667,143.2,-13.25,100,94
550,Ermelo,ZA,2022-03-30 18:54:36,-26.5333,29.9833,56.14,52,1
551,Ozieri,IT,2022-03-30 18:55:36,40.586,9.0012,51.33,94,100
552,Javanrud,IR,2022-03-30 18:55:37,34.7961,46.5172,54.86,37,100
553,Toamasina,MG,2022-03-30 18:55:37,-18.1667,49.3833,77.0,88,40
554,Zdvinsk,RU,2022-03-30 18:55:38,54.7021,78.661,33.76,90,100
555,Lupiro,TZ,2022-03-30 18:55:39,-8.3833,36.6667,70.12,98,100
556,Sinjai,ID,2022-03-30 18:55:40,-5.1241,120.253,74.55,96,100
557,Rio Gallegos,AR,2022-03-30 18:55:40,-51.6226,-69.2181,55.45,41,75
558,Lebedinyy,RU,2022-03-30 18:55:41,58.5167,125.5167,13.89,96,100
